r_m,theta_rad,mx,my
0.000000,0.785398163397,0.707106781187,0.707106781187
0.001000,0.785398163397,0.707106663341,0.707106663341
0.002000,0.785398163397,0.707106309776,0.707106309776
0.003000,0.785398163397,0.707105720526,0.707105720526
0.004000,0.785398163397,0.707104895564,0.707104895564
0.005000,0.785398163397,0.707103834899,0.707103834899
0.006000,0.785398163397,0.707102538528,0.707102538528
0.007000,0.785398163397,0.707101006450,0.707101006450
0.008000,0.785398163397,0.707099238660,0.707099238660
0.009000,0.785398163397,0.707097235158,0.707097235158
0.010000,0.785398163397,0.707094995940,0.707094995940
0.011000,0.785398163397,0.707092521005,0.707092521005
0.012000,0.785398163397,0.707089810347,0.707089810347
0.013000,0.785398163397,0.707086863965,0.707086863965
0.014000,0.785398163397,0.707083681854,0.707083681854
0.015000,0.785398163397,0.707080264008,0.707080264008
0.016000,0.785398163397,0.707076610425,0.707076610425
0.017000,0.785398163397,0.707072721098,0.707072721098
0.018000,0.785398163397,0.707068596023,0.707068596023
0.019000,0.785398163397,0.707064235193,0.707064235193
0.020000,0.785398163397,0.707059638604,0.707059638604
0.021000,0.785398163397,0.707054806249,0.707054806249
0.022000,0.785398163397,0.707049738121,0.707049738121
0.023000,0.785398163397,0.707044434213,0.707044434213
0.024000,0.785398163397,0.707038894518,0.707038894518
0.025000,0.785398163397,0.707033119029,0.707033119029
0.026000,0.785398163397,0.707027107738,0.707027107738
0.027000,0.785398163397,0.707020860636,0.707020860636
0.028000,0.785398163397,0.707014377716,0.707014377716
0.029000,0.785398163397,0.707007658968,0.707007658968
0.030000,0.785398163397,0.707000704384,0.707000704384
0.031000,0.785398163397,0.706993513953,0.706993513953
0.032000,0.785398163397,0.706986087666,0.706986087666
0.033000,0.785398163397,0.706978425514,0.706978425514
0.034000,0.785398163397,0.706970527485,0.706970527485
0.035000,0.785398163397,0.706962393569,0.706962393569
0.036000,0.785398163397,0.706954023755,0.706954023755
0.037000,0.785398163397,0.706945418031,0.706945418031
0.038000,0.785398163397,0.706936576386,0.706936576386
0.039000,0.785398163397,0.706927498808,0.706927498808
0.040000,0.785398163397,0.706918185285,0.706918185285
0.041000,0.785398163397,0.706908635803,0.706908635803
0.042000,0.785398163397,0.706898850350,0.706898850350
0.043000,0.785398163397,0.706888828913,0.706888828913
0.044000,0.785398163397,0.706878571478,0.706878571478
0.045000,0.785398163397,0.706868078031,0.706868078031
0.046000,0.785398163397,0.706857348558,0.706857348558
0.047000,0.785398163397,0.706846383044,0.706846383044
0.048000,0.785398163397,0.706835181474,0.706835181474
0.049000,0.785398163397,0.706823743834,0.706823743834
0.050000,0.785398163397,0.706812070107,0.706812070107
0.051000,0.785398163397,0.706800160277,0.706800160277
0.052000,0.785398163397,0.706788014330,0.706788014330
0.053000,0.785398163397,0.706775632247,0.706775632247
0.054000,0.785398163397,0.706763014013,0.706763014013
0.055000,0.785398163397,0.706750159609,0.706750159609
0.056000,0.785398163397,0.706737069020,0.706737069020
0.057000,0.785398163397,0.706723742226,0.706723742226
0.058000,0.785398163397,0.706710179210,0.706710179210
0.059000,0.785398163397,0.706696379953,0.706696379953
0.060000,0.785398163397,0.706682344436,0.706682344436
0.061000,0.785398163397,0.706668072641,0.706668072641
0.062000,0.785398163397,0.706653564548,0.706653564548
0.063000,0.785398163397,0.706638820137,0.706638820137
0.064000,0.785398163397,0.706623839388,0.706623839388
0.065000,0.785398163397,0.706608622281,0.706608622281
0.066000,0.785398163397,0.706593168795,0.706593168795
0.067000,0.785398163397,0.706577478909,0.706577478909
0.068000,0.785398163397,0.706561552601,0.706561552601
0.069000,0.785398163397,0.706545389851,0.706545389851
0.070000,0.785398163397,0.706528990635,0.706528990635
0.071000,0.785398163397,0.706512354933,0.706512354933
0.072000,0.785398163397,0.706495482720,0.706495482720
0.073000,0.785398163397,0.706478373974,0.706478373974
0.074000,0.785398163397,0.706461028672,0.706461028672
0.075000,0.785398163397,0.706443446790,0.706443446790
0.076000,0.785398163397,0.706425628304,0.706425628304
0.077000,0.785398163397,0.706407573190,0.706407573190
0.078000,0.785398163397,0.706389281423,0.706389281423
0.079000,0.785398163397,0.706370752978,0.706370752978
0.080000,0.785398163397,0.706351987830,0.706351987830
0.081000,0.785398163397,0.706332985954,0.706332985954
0.082000,0.785398163397,0.706313747323,0.706313747323
0.083000,0.785398163397,0.706294271911,0.706294271911
0.084000,0.785398163397,0.706274559692,0.706274559692
0.085000,0.785398163397,0.706254610639,0.706254610639
0.086000,0.785398163397,0.706234424724,0.706234424724
0.087000,0.785398163397,0.706214001920,0.706214001920
0.088000,0.785398163397,0.706193342200,0.706193342200
0.089000,0.785398163397,0.706172445534,0.706172445534
0.090000,0.785398163397,0.706151311894,0.706151311894
0.091000,0.785398163397,0.706129941252,0.706129941252
0.092000,0.785398163397,0.706108333578,0.706108333578
0.093000,0.785398163397,0.706086488843,0.706086488843
0.094000,0.785398163397,0.706064407017,0.706064407017
0.095000,0.785398163397,0.706042088070,0.706042088070
0.096000,0.785398163397,0.706019531970,0.706019531970
0.097000,0.785398163397,0.705996738688,0.705996738688
0.098000,0.785398163397,0.705973708192,0.705973708192
0.099000,0.785398163397,0.705950440451,0.705950440451
0.100000,0.785398163397,0.705926935433,0.705926935433
0.101000,0.785398163397,0.705903193105,0.705903193105
0.102000,0.785398163397,0.705879213435,0.705879213435
0.103000,0.785398163397,0.705854996391,0.705854996391
0.104000,0.785398163397,0.705830541939,0.705830541939
0.105000,0.785398163397,0.705805850045,0.705805850045
0.106000,0.785398163397,0.705780920676,0.705780920676
0.107000,0.785398163397,0.705755753798,0.705755753798
0.108000,0.785398163397,0.705730349376,0.705730349376
0.109000,0.785398163397,0.705704707376,0.705704707376
0.110000,0.785398163397,0.705678827762,0.705678827762
0.111000,0.785398163397,0.705652710498,0.705652710498
0.112000,0.785398163397,0.705626355549,0.705626355549
0.113000,0.785398163397,0.705599762879,0.705599762879
0.114000,0.785398163397,0.705572932452,0.705572932452
0.115000,0.785398163397,0.705545864229,0.705545864229
0.116000,0.785398163397,0.705518558175,0.705518558175
0.117000,0.785398163397,0.705491014252,0.705491014252
0.118000,0.785398163397,0.705463232422,0.705463232422
0.119000,0.785398163397,0.705435212646,0.705435212646
0.120000,0.785398163397,0.705406954887,0.705406954887
0.121000,0.785398163397,0.705378459105,0.705378459105
0.122000,0.785398163397,0.705349725261,0.705349725261
0.123000,0.785398163397,0.705320753316,0.705320753316
0.124000,0.785398163397,0.705291543230,0.705291543230
0.125000,0.785398163397,0.705262094963,0.705262094963
0.126000,0.785398163397,0.705232408474,0.705232408474
0.127000,0.785398163397,0.705202483722,0.705202483722
0.128000,0.785398163397,0.705172320667,0.705172320667
0.129000,0.785398163397,0.705141919266,0.705141919266
0.130000,0.785398163397,0.705111279478,0.705111279478
0.131000,0.785398163397,0.705080401260,0.705080401260
0.132000,0.785398163397,0.705049284570,0.705049284570
0.133000,0.785398163397,0.705017929366,0.705017929366
0.134000,0.785398163397,0.704986335603,0.704986335603
0.135000,0.785398163397,0.704954503238,0.704954503238
0.136000,0.785398163397,0.704922432228,0.704922432228
0.137000,0.785398163397,0.704890122528,0.704890122528
0.138000,0.785398163397,0.704857574094,0.704857574094
0.139000,0.785398163397,0.704824786880,0.704824786880
0.140000,0.785398163397,0.704791760841,0.704791760841
0.141000,0.785398163397,0.704758495932,0.704758495932
0.142000,0.785398163397,0.704724992107,0.704724992107
0.143000,0.785398163397,0.704691249320,0.704691249320
0.144000,0.785398163397,0.704657267523,0.704657267523
0.145000,0.785398163397,0.704623046670,0.704623046670
0.146000,0.785398163397,0.704588586713,0.704588586713
0.147000,0.785398163397,0.704553887605,0.704553887605
0.148000,0.785398163397,0.704518949298,0.704518949298
0.149000,0.785398163397,0.704483771744,0.704483771744
0.150000,0.785398163397,0.704448354893,0.704448354893
0.151000,0.785398163397,0.704412698696,0.704412698696
0.152000,0.785398163397,0.704376803105,0.704376803105
0.153000,0.785398163397,0.704340668069,0.704340668069
0.154000,0.785398163397,0.704304293539,0.704304293539
0.155000,0.785398163397,0.704267679464,0.704267679464
0.156000,0.785398163397,0.704230825793,0.704230825793
0.157000,0.785398163397,0.704193732474,0.704193732474
0.158000,0.785398163397,0.704156399458,0.704156399458
0.159000,0.785398163397,0.704118826691,0.704118826691
0.160000,0.785398163397,0.704081014121,0.704081014121
0.161000,0.785398163397,0.704042961696,0.704042961696
0.162000,0.785398163397,0.704004669364,0.704004669364
0.163000,0.785398163397,0.703966137070,0.703966137070
0.164000,0.785398163397,0.703927364762,0.703927364762
0.165000,0.785398163397,0.703888352385,0.703888352385
0.166000,0.785398163397,0.703849099885,0.703849099885
0.167000,0.785398163397,0.703809607207,0.703809607207
0.168000,0.785398163397,0.703769874297,0.703769874297
0.169000,0.785398163397,0.703729901098,0.703729901098
0.170000,0.785398163397,0.703689687557,0.703689687557
0.171000,0.785398163397,0.703649233615,0.703649233615
0.172000,0.785398163397,0.703608539217,0.703608539217
0.173000,0.785398163397,0.703567604307,0.703567604307
0.174000,0.785398163397,0.703526428826,0.703526428826
0.175000,0.785398163397,0.703485012718,0.703485012718
0.176000,0.785398163397,0.703443355925,0.703443355925
0.177000,0.785398163397,0.703401458389,0.703401458389
0.178000,0.785398163397,0.703359320050,0.703359320050
0.179000,0.785398163397,0.703316940851,0.703316940851
0.180000,0.785398163397,0.703274320731,0.703274320731
0.181000,0.785398163397,0.703231459632,0.703231459632
0.182000,0.785398163397,0.703188357493,0.703188357493
0.183000,0.785398163397,0.703145014254,0.703145014254
0.184000,0.785398163397,0.703101429855,0.703101429855
0.185000,0.785398163397,0.703057604233,0.703057604233
0.186000,0.785398163397,0.703013537329,0.703013537329
0.187000,0.785398163397,0.702969229080,0.702969229080
0.188000,0.785398163397,0.702924679423,0.702924679423
0.189000,0.785398163397,0.702879888297,0.702879888297
0.190000,0.785398163397,0.702834855639,0.702834855639
0.191000,0.785398163397,0.702789581385,0.702789581385
0.192000,0.785398163397,0.702744065472,0.702744065472
0.193000,0.785398163397,0.702698307837,0.702698307837
0.194000,0.785398163397,0.702652308413,0.702652308413
0.195000,0.785398163397,0.702606067138,0.702606067138
0.196000,0.785398163397,0.702559583946,0.702559583946
0.197000,0.785398163397,0.702512858771,0.702512858771
0.198000,0.785398163397,0.702465891548,0.702465891548
0.199000,0.785398163397,0.702418682211,0.702418682211
0.200000,0.785398163397,0.702371230692,0.702371230692
0.201000,0.785398163397,0.702323536927,0.702323536927
0.202000,0.785398163397,0.702275600846,0.702275600846
0.203000,0.785398163397,0.702227422383,0.702227422383
0.204000,0.785398163397,0.702179001469,0.702179001469
0.205000,0.785398163397,0.702130338037,0.702130338037
0.206000,0.785398163397,0.702081432017,0.702081432017
0.207000,0.785398163397,0.702032283340,0.702032283340
0.208000,0.785398163397,0.701982891938,0.701982891938
0.209000,0.785398163397,0.701933257740,0.701933257740
0.210000,0.785398163397,0.701883380675,0.701883380675
0.211000,0.785398163397,0.701833260674,0.701833260674
0.212000,0.785398163397,0.701782897666,0.701782897666
0.213000,0.785398163397,0.701732291579,0.701732291579
0.214000,0.785398163397,0.701681442341,0.701681442341
0.215000,0.785398163397,0.701630349881,0.701630349881
0.216000,0.785398163397,0.701579014126,0.701579014126
0.217000,0.785398163397,0.701527435003,0.701527435003
0.218000,0.785398163397,0.701475612439,0.701475612439
0.219000,0.785398163397,0.701423546361,0.701423546361
0.220000,0.785398163397,0.701371236694,0.701371236694
0.221000,0.785398163397,0.701318683365,0.701318683365
0.222000,0.785398163397,0.701265886298,0.701265886298
0.223000,0.785398163397,0.701212845419,0.701212845419
0.224000,0.785398163397,0.701159560651,0.701159560651
0.225000,0.785398163397,0.701106031920,0.701106031920
0.226000,0.785398163397,0.701052259149,0.701052259149
0.227000,0.785398163397,0.700998242261,0.700998242261
0.228000,0.785398163397,0.700943981179,0.700943981179
0.229000,0.785398163397,0.700889475827,0.700889475827
0.230000,0.785398163397,0.700834726126,0.700834726126
0.231000,0.785398163397,0.700779731998,0.700779731998
0.232000,0.785398163397,0.700724493365,0.700724493365
0.233000,0.785398163397,0.700669010148,0.700669010148
0.234000,0.785398163397,0.700613282267,0.700613282267
0.235000,0.785398163397,0.700557309643,0.700557309643
0.236000,0.785398163397,0.700501092196,0.700501092196
0.237000,0.785398163397,0.700444629846,0.700444629846
0.238000,0.785398163397,0.700387922510,0.700387922510
0.239000,0.785398163397,0.700330970110,0.700330970110
0.240000,0.785398163397,0.700273772561,0.700273772561
0.241000,0.785398163397,0.700216329784,0.700216329784
0.242000,0.785398163397,0.700158641695,0.700158641695
0.243000,0.785398163397,0.700100708211,0.700100708211
0.244000,0.785398163397,0.700042529250,0.700042529250
0.245000,0.785398163397,0.699984104727,0.699984104727
0.246000,0.785398163397,0.699925434560,0.699925434560
0.247000,0.785398163397,0.699866518663,0.699866518663
0.248000,0.785398163397,0.699807356952,0.699807356952
0.249000,0.785398163397,0.699747949341,0.699747949341
0.250000,0.785398163397,0.699688295745,0.699688295745
0.251000,0.785398163397,0.699628396079,0.699628396079
0.252000,0.785398163397,0.699568250255,0.699568250255
0.253000,0.785398163397,0.699507858188,0.699507858188
0.254000,0.785398163397,0.699447219789,0.699447219789
0.255000,0.785398163397,0.699386334972,0.699386334972
0.256000,0.785398163397,0.699325203648,0.699325203648
0.257000,0.785398163397,0.699263825730,0.699263825730
0.258000,0.785398163397,0.699202201127,0.699202201127
0.259000,0.785398163397,0.699140329753,0.699140329753
0.260000,0.785398163397,0.699078211516,0.699078211516
0.261000,0.785398163397,0.699015846327,0.699015846327
0.262000,0.785398163397,0.698953234095,0.698953234095
0.263000,0.785398163397,0.698890374730,0.698890374730
0.264000,0.785398163397,0.698827268141,0.698827268141
0.265000,0.785398163397,0.698763914236,0.698763914236
0.266000,0.785398163397,0.698700312922,0.698700312922
0.267000,0.785398163397,0.698636464109,0.698636464109
0.268000,0.785398163397,0.698572367702,0.698572367702
0.269000,0.785398163397,0.698508023610,0.698508023610
0.270000,0.785398163397,0.698443431737,0.698443431737
0.271000,0.785398163397,0.698378591990,0.698378591990
0.272000,0.785398163397,0.698313504275,0.698313504275
0.273000,0.785398163397,0.698248168497,0.698248168497
0.274000,0.785398163397,0.698182584561,0.698182584561
0.275000,0.785398163397,0.698116752370,0.698116752370
0.276000,0.785398163397,0.698050671830,0.698050671830
0.277000,0.785398163397,0.697984342842,0.697984342842
0.278000,0.785398163397,0.697917765311,0.697917765311
0.279000,0.785398163397,0.697850939140,0.697850939140
0.280000,0.785398163397,0.697783864229,0.697783864229
0.281000,0.785398163397,0.697716540482,0.697716540482
0.282000,0.785398163397,0.697648967799,0.697648967799
0.283000,0.785398163397,0.697581146082,0.697581146082
0.284000,0.785398163397,0.697513075231,0.697513075231
0.285000,0.785398163397,0.697444755147,0.697444755147
0.286000,0.785398163397,0.697376185729,0.697376185729
0.287000,0.785398163397,0.697307366876,0.697307366876
0.288000,0.785398163397,0.697238298487,0.697238298487
0.289000,0.785398163397,0.697168980461,0.697168980461
0.290000,0.785398163397,0.697099412695,0.697099412695
0.291000,0.785398163397,0.697029595088,0.697029595088
0.292000,0.785398163397,0.696959527537,0.696959527537
0.293000,0.785398163397,0.696889209938,0.696889209938
0.294000,0.785398163397,0.696818642187,0.696818642187
0.295000,0.785398163397,0.696747824181,0.696747824181
0.296000,0.785398163397,0.696676755815,0.696676755815
0.297000,0.785398163397,0.696605436984,0.696605436984
0.298000,0.785398163397,0.696533867582,0.696533867582
0.299000,0.785398163397,0.696462047504,0.696462047504
0.300000,0.785398163397,0.696389976644,0.696389976644
0.301000,0.785398163397,0.696317654894,0.696317654894
0.302000,0.785398163397,0.696245082148,0.696245082148
0.303000,0.785398163397,0.696172258297,0.696172258297
0.304000,0.785398163397,0.696099183235,0.696099183235
0.305000,0.785398163397,0.696025856852,0.696025856852
0.306000,0.785398163397,0.695952279040,0.695952279040
0.307000,0.785398163397,0.695878449690,0.695878449690
0.308000,0.785398163397,0.695804368690,0.695804368690
0.309000,0.785398163397,0.695730035932,0.695730035932
0.310000,0.785398163397,0.695655451305,0.695655451305
0.311000,0.785398163397,0.695580614697,0.695580614697
0.312000,0.785398163397,0.695505525997,0.695505525997
0.313000,0.785398163397,0.695430185093,0.695430185093
0.314000,0.785398163397,0.695354591872,0.695354591872
0.315000,0.785398163397,0.695278746222,0.695278746222
0.316000,0.785398163397,0.695202648029,0.695202648029
0.317000,0.785398163397,0.695126297180,0.695126297180
0.318000,0.785398163397,0.695049693560,0.695049693560
0.319000,0.785398163397,0.694972837054,0.694972837054
0.320000,0.785398163397,0.694895727548,0.694895727548
0.321000,0.785398163397,0.694818364925,0.694818364925
0.322000,0.785398163397,0.694740749070,0.694740749070
0.323000,0.785398163397,0.694662879866,0.694662879866
0.324000,0.785398163397,0.694584757196,0.694584757196
0.325000,0.785398163397,0.694506380943,0.694506380943
0.326000,0.785398163397,0.694427750989,0.694427750989
0.327000,0.785398163397,0.694348867215,0.694348867215
0.328000,0.785398163397,0.694269729503,0.694269729503
0.329000,0.785398163397,0.694190337733,0.694190337733
0.330000,0.785398163397,0.694110691786,0.694110691786
0.331000,0.785398163397,0.694030791542,0.694030791542
0.332000,0.785398163397,0.693950636879,0.693950636879
0.333000,0.785398163397,0.693870227677,0.693870227677
0.334000,0.785398163397,0.693789563814,0.693789563814
0.335000,0.785398163397,0.693708645168,0.693708645168
0.336000,0.785398163397,0.693627471617,0.693627471617
0.337000,0.785398163397,0.693546043036,0.693546043036
0.338000,0.785398163397,0.693464359304,0.693464359304
0.339000,0.785398163397,0.693382420296,0.693382420296
0.340000,0.785398163397,0.693300225888,0.693300225888
0.341000,0.785398163397,0.693217775954,0.693217775954
0.342000,0.785398163397,0.693135070370,0.693135070370
0.343000,0.785398163397,0.693052109009,0.693052109009
0.344000,0.785398163397,0.692968891745,0.692968891745
0.345000,0.785398163397,0.692885418452,0.692885418452
0.346000,0.785398163397,0.692801689001,0.692801689001
0.347000,0.785398163397,0.692717703267,0.692717703267
0.348000,0.785398163397,0.692633461119,0.692633461119
0.349000,0.785398163397,0.692548962429,0.692548962429
0.350000,0.785398163397,0.692464207069,0.692464207069
0.351000,0.785398163397,0.692379194908,0.692379194908
0.352000,0.785398163397,0.692293925816,0.692293925816
0.353000,0.785398163397,0.692208399663,0.692208399663
0.354000,0.785398163397,0.692122616318,0.692122616318
0.355000,0.785398163397,0.692036575648,0.692036575648
0.356000,0.785398163397,0.691950277521,0.691950277521
0.357000,0.785398163397,0.691863721806,0.691863721806
0.358000,0.785398163397,0.691776908369,0.691776908369
0.359000,0.785398163397,0.691689837076,0.691689837076
0.360000,0.785398163397,0.691602507793,0.691602507793
0.361000,0.785398163397,0.691514920386,0.691514920386
0.362000,0.785398163397,0.691427074719,0.691427074719
0.363000,0.785398163397,0.691338970656,0.691338970656
0.364000,0.785398163397,0.691250608063,0.691250608063
0.365000,0.785398163397,0.691161986801,0.691161986801
0.366000,0.785398163397,0.691073106735,0.691073106735
0.367000,0.785398163397,0.690983967726,0.690983967726
0.368000,0.785398163397,0.690894569636,0.690894569636
0.369000,0.785398163397,0.690804912327,0.690804912327
0.370000,0.785398163397,0.690714995659,0.690714995659
0.371000,0.785398163397,0.690624819493,0.690624819493
0.372000,0.785398163397,0.690534383689,0.690534383689
0.373000,0.785398163397,0.690443688105,0.690443688105
0.374000,0.785398163397,0.690352732602,0.690352732602
0.375000,0.785398163397,0.690261517036,0.690261517036
0.376000,0.785398163397,0.690170041267,0.690170041267
0.377000,0.785398163397,0.690078305151,0.690078305151
0.378000,0.785398163397,0.689986308544,0.689986308544
0.379000,0.785398163397,0.689894051304,0.689894051304
0.380000,0.785398163397,0.689801533286,0.689801533286
0.381000,0.785398163397,0.689708754344,0.689708754344
0.382000,0.785398163397,0.689615714335,0.689615714335
0.383000,0.785398163397,0.689522413111,0.689522413111
0.384000,0.785398163397,0.689428850527,0.689428850527
0.385000,0.785398163397,0.689335026436,0.689335026436
0.386000,0.785398163397,0.689240940689,0.689240940689
0.387000,0.785398163397,0.689146593140,0.689146593140
0.388000,0.785398163397,0.689051983640,0.689051983640
0.389000,0.785398163397,0.688957112039,0.688957112039
0.390000,0.785398163397,0.688861978189,0.688861978189
0.391000,0.785398163397,0.688766581938,0.688766581938
0.392000,0.785398163397,0.688670923137,0.688670923137
0.393000,0.785398163397,0.688575001635,0.688575001635
0.394000,0.785398163397,0.688478817278,0.688478817278
0.395000,0.785398163397,0.688382369916,0.688382369916
0.396000,0.785398163397,0.688285659396,0.688285659396
0.397000,0.785398163397,0.688188685564,0.688188685564
0.398000,0.785398163397,0.688091448266,0.688091448266
0.399000,0.785398163397,0.687993947348,0.687993947348
0.400000,0.785398163397,0.687896182655,0.687896182655
0.401000,0.785398163397,0.687798154031,0.687798154031
0.402000,0.785398163397,0.687699861320,0.687699861320
0.403000,0.785398163397,0.687601304367,0.687601304367
0.404000,0.785398163397,0.687502483012,0.687502483012
0.405000,0.785398163397,0.687403397100,0.687403397100
0.406000,0.785398163397,0.687304046471,0.687304046471
0.407000,0.785398163397,0.687204430966,0.687204430966
0.408000,0.785398163397,0.687104550427,0.687104550427
0.409000,0.785398163397,0.687004404694,0.687004404694
0.410000,0.785398163397,0.686903993604,0.686903993604
0.411000,0.785398163397,0.686803316999,0.686803316999
0.412000,0.785398163397,0.686702374716,0.686702374716
0.413000,0.785398163397,0.686601166592,0.686601166592
0.414000,0.785398163397,0.686499692465,0.686499692465
0.415000,0.785398163397,0.686397952172,0.686397952172
0.416000,0.785398163397,0.686295945549,0.686295945549
0.417000,0.785398163397,0.686193672431,0.686193672431
0.418000,0.785398163397,0.686091132653,0.686091132653
0.419000,0.785398163397,0.685988326050,0.685988326050
0.420000,0.785398163397,0.685885252454,0.685885252454
0.421000,0.785398163397,0.685781911700,0.685781911700
0.422000,0.785398163397,0.685678303620,0.685678303620
0.423000,0.785398163397,0.685574428047,0.685574428047
0.424000,0.785398163397,0.685470284810,0.685470284810
0.425000,0.785398163397,0.685365873742,0.685365873742
0.426000,0.785398163397,0.685261194673,0.685261194673
0.427000,0.785398163397,0.685156247432,0.685156247432
0.428000,0.785398163397,0.685051031848,0.685051031848
0.429000,0.785398163397,0.684945547750,0.684945547750
0.430000,0.785398163397,0.684839794966,0.684839794966
0.431000,0.785398163397,0.684733773323,0.684733773323
0.432000,0.785398163397,0.684627482648,0.684627482648
0.433000,0.785398163397,0.684520922767,0.684520922767
0.434000,0.785398163397,0.684414093505,0.684414093505
0.435000,0.785398163397,0.684306994687,0.684306994687
0.436000,0.785398163397,0.684199626138,0.684199626138
0.437000,0.785398163397,0.684091987682,0.684091987682
0.438000,0.785398163397,0.683984079141,0.683984079141
0.439000,0.785398163397,0.683875900337,0.683875900337
0.440000,0.785398163397,0.683767451094,0.683767451094
0.441000,0.785398163397,0.683658731232,0.683658731232
0.442000,0.785398163397,0.683549740571,0.683549740571
0.443000,0.785398163397,0.683440478932,0.683440478932
0.444000,0.785398163397,0.683330946134,0.683330946134
0.445000,0.785398163397,0.683221141996,0.683221141996
0.446000,0.785398163397,0.683111066336,0.683111066336
0.447000,0.785398163397,0.683000718972,0.683000718972
0.448000,0.785398163397,0.682890099720,0.682890099720
0.449000,0.785398163397,0.682779208397,0.682779208397
0.450000,0.785398163397,0.682668044819,0.682668044819
0.451000,0.785398163397,0.682556608800,0.682556608800
0.452000,0.785398163397,0.682444900156,0.682444900156
0.453000,0.785398163397,0.682332918699,0.682332918699
0.454000,0.785398163397,0.682220664242,0.682220664242
0.455000,0.785398163397,0.682108136599,0.682108136599
0.456000,0.785398163397,0.681995335582,0.681995335582
0.457000,0.785398163397,0.681882261001,0.681882261001
0.458000,0.785398163397,0.681768912667,0.681768912667
0.459000,0.785398163397,0.681655290390,0.681655290390
0.460000,0.785398163397,0.681541393979,0.681541393979
0.461000,0.785398163397,0.681427223243,0.681427223243
0.462000,0.785398163397,0.681312777990,0.681312777990
0.463000,0.785398163397,0.681198058027,0.681198058027
0.464000,0.785398163397,0.681083063161,0.681083063161
0.465000,0.785398163397,0.680967793198,0.680967793198
0.466000,0.785398163397,0.680852247943,0.680852247943
0.467000,0.785398163397,0.680736427200,0.680736427200
0.468000,0.785398163397,0.680620330775,0.680620330775
0.469000,0.785398163397,0.680503958470,0.680503958470
0.470000,0.785398163397,0.680387310089,0.680387310089
0.471000,0.785398163397,0.680270385432,0.680270385432
0.472000,0.785398163397,0.680153184302,0.680153184302
0.473000,0.785398163397,0.680035706498,0.680035706498
0.474000,0.785398163397,0.679917951822,0.679917951822
0.475000,0.785398163397,0.679799920073,0.679799920073
0.476000,0.785398163397,0.679681611048,0.679681611048
0.477000,0.785398163397,0.679563024547,0.679563024547
0.478000,0.785398163397,0.679444160366,0.679444160366
0.479000,0.785398163397,0.679325018301,0.679325018301
0.480000,0.785398163397,0.679205598150,0.679205598150
0.481000,0.785398163397,0.679085899707,0.679085899707
0.482000,0.785398163397,0.678965922767,0.678965922767
0.483000,0.785398163397,0.678845667123,0.678845667123
0.484000,0.785398163397,0.678725132569,0.678725132569
0.485000,0.785398163397,0.678604318897,0.678604318897
0.486000,0.785398163397,0.678483225898,0.678483225898
0.487000,0.785398163397,0.678361853365,0.678361853365
0.488000,0.785398163397,0.678240201087,0.678240201087
0.489000,0.785398163397,0.678118268854,0.678118268854
0.490000,0.785398163397,0.677996056455,0.677996056455
0.491000,0.785398163397,0.677873563677,0.677873563677
0.492000,0.785398163397,0.677750790310,0.677750790310
0.493000,0.785398163397,0.677627736138,0.677627736138
0.494000,0.785398163397,0.677504400949,0.677504400949
0.495000,0.785398163397,0.677380784528,0.677380784528
0.496000,0.785398163397,0.677256886659,0.677256886659
0.497000,0.785398163397,0.677132707126,0.677132707126
0.498000,0.785398163397,0.677008245713,0.677008245713
0.499000,0.785398163397,0.676883502201,0.676883502201
0.500000,0.785398163397,0.676758476374,0.676758476374
0.501000,0.785398163397,0.676633168010,0.676633168010
0.502000,0.785398163397,0.676507576892,0.676507576892
0.503000,0.785398163397,0.676381702797,0.676381702797
0.504000,0.785398163397,0.676255545506,0.676255545506
0.505000,0.785398163397,0.676129104796,0.676129104796
0.506000,0.785398163397,0.676002380444,0.676002380444
0.507000,0.785398163397,0.675875372227,0.675875372227
0.508000,0.785398163397,0.675748079921,0.675748079921
0.509000,0.785398163397,0.675620503300,0.675620503300
0.510000,0.785398163397,0.675492642139,0.675492642139
0.511000,0.785398163397,0.675364496211,0.675364496211
0.512000,0.785398163397,0.675236065290,0.675236065290
0.513000,0.785398163397,0.675107349147,0.675107349147
0.514000,0.785398163397,0.674978347553,0.674978347553
0.515000,0.785398163397,0.674849060278,0.674849060278
0.516000,0.785398163397,0.674719487093,0.674719487093
0.517000,0.785398163397,0.674589627767,0.674589627767
0.518000,0.785398163397,0.674459482067,0.674459482067
0.519000,0.785398163397,0.674329049760,0.674329049760
0.520000,0.785398163397,0.674198330614,0.674198330614
0.521000,0.785398163397,0.674067324394,0.674067324394
0.522000,0.785398163397,0.673936030865,0.673936030865
0.523000,0.785398163397,0.673804449791,0.673804449791
0.524000,0.785398163397,0.673672580936,0.673672580936
0.525000,0.785398163397,0.673540424062,0.673540424062
0.526000,0.785398163397,0.673407978932,0.673407978932
0.527000,0.785398163397,0.673275245305,0.673275245305
0.528000,0.785398163397,0.673142222943,0.673142222943
0.529000,0.785398163397,0.673008911604,0.673008911604
0.530000,0.785398163397,0.672875311048,0.672875311048
0.531000,0.785398163397,0.672741421032,0.672741421032
0.532000,0.785398163397,0.672607241313,0.672607241313
0.533000,0.785398163397,0.672472771648,0.672472771648
0.534000,0.785398163397,0.672338011791,0.672338011791
0.535000,0.785398163397,0.672202961497,0.672202961497
0.536000,0.785398163397,0.672067620520,0.672067620520
0.537000,0.785398163397,0.671931988613,0.671931988613
0.538000,0.785398163397,0.671796065527,0.671796065527
0.539000,0.785398163397,0.671659851014,0.671659851014
0.540000,0.785398163397,0.671523344825,0.671523344825
0.541000,0.785398163397,0.671386546708,0.671386546708
0.542000,0.785398163397,0.671249456413,0.671249456413
0.543000,0.785398163397,0.671112073687,0.671112073687
0.544000,0.785398163397,0.670974398278,0.670974398278
0.545000,0.785398163397,0.670836429931,0.670836429931
0.546000,0.785398163397,0.670698168392,0.670698168392
0.547000,0.785398163397,0.670559613405,0.670559613405
0.548000,0.785398163397,0.670420764714,0.670420764714
0.549000,0.785398163397,0.670281622062,0.670281622062
0.550000,0.785398163397,0.670142185190,0.670142185190
0.551000,0.785398163397,0.670002453839,0.670002453839
0.552000,0.785398163397,0.669862427749,0.669862427749
0.553000,0.785398163397,0.669722106661,0.669722106661
0.554000,0.785398163397,0.669581490311,0.669581490311
0.555000,0.785398163397,0.669440578438,0.669440578438
0.556000,0.785398163397,0.669299370778,0.669299370778
0.557000,0.785398163397,0.669157867067,0.669157867067
0.558000,0.785398163397,0.669016067039,0.669016067039
0.559000,0.785398163397,0.668873970429,0.668873970429
0.560000,0.785398163397,0.668731576970,0.668731576970
0.561000,0.785398163397,0.668588886393,0.668588886393
0.562000,0.785398163397,0.668445898430,0.668445898430
0.563000,0.785398163397,0.668302612811,0.668302612811
0.564000,0.785398163397,0.668159029266,0.668159029266
0.565000,0.785398163397,0.668015147524,0.668015147524
0.566000,0.785398163397,0.667870967310,0.667870967310
0.567000,0.785398163397,0.667726488354,0.667726488354
0.568000,0.785398163397,0.667581710379,0.667581710379
0.569000,0.785398163397,0.667436633111,0.667436633111
0.570000,0.785398163397,0.667291256274,0.667291256274
0.571000,0.785398163397,0.667145579591,0.667145579591
0.572000,0.785398163397,0.666999602784,0.666999602784
0.573000,0.785398163397,0.666853325573,0.666853325573
0.574000,0.785398163397,0.666706747680,0.666706747680
0.575000,0.785398163397,0.666559868822,0.666559868822
0.576000,0.785398163397,0.666412688719,0.666412688719
0.577000,0.785398163397,0.666265207088,0.666265207088
0.578000,0.785398163397,0.666117423645,0.666117423645
0.579000,0.785398163397,0.665969338105,0.665969338105
0.580000,0.785398163397,0.665820950183,0.665820950183
0.581000,0.785398163397,0.665672259592,0.665672259592
0.582000,0.785398163397,0.665523266044,0.665523266044
0.583000,0.785398163397,0.665373969252,0.665373969252
0.584000,0.785398163397,0.665224368926,0.665224368926
0.585000,0.785398163397,0.665074464774,0.665074464774
0.586000,0.785398163397,0.664924256507,0.664924256507
0.587000,0.785398163397,0.664773743831,0.664773743831
0.588000,0.785398163397,0.664622926452,0.664622926452
0.589000,0.785398163397,0.664471804077,0.664471804077
0.590000,0.785398163397,0.664320376410,0.664320376410
0.591000,0.785398163397,0.664168643155,0.664168643155
0.592000,0.785398163397,0.664016604013,0.664016604013
0.593000,0.785398163397,0.663864258688,0.663864258688
0.594000,0.785398163397,0.663711606878,0.663711606878
0.595000,0.785398163397,0.663558648284,0.663558648284
0.596000,0.785398163397,0.663405382605,0.663405382605
0.597000,0.785398163397,0.663251809537,0.663251809537
0.598000,0.785398163397,0.663097928777,0.663097928777
0.599000,0.785398163397,0.662943740020,0.662943740020
0.600000,0.785398163397,0.662789242961,0.662789242961
0.601000,0.785398163397,0.662634437294,0.662634437294
0.602000,0.785398163397,0.662479322709,0.662479322709
0.603000,0.785398163397,0.662323898900,0.662323898900
0.604000,0.785398163397,0.662168165555,0.662168165555
0.605000,0.785398163397,0.662012122364,0.662012122364
0.606000,0.785398163397,0.661855769015,0.661855769015
0.607000,0.785398163397,0.661699105194,0.661699105194
0.608000,0.785398163397,0.661542130589,0.661542130589
0.609000,0.785398163397,0.661384844883,0.661384844883
0.610000,0.785398163397,0.661227247760,0.661227247760
0.611000,0.785398163397,0.661069338904,0.661069338904
0.612000,0.785398163397,0.660911117995,0.660911117995
0.613000,0.785398163397,0.660752584714,0.660752584714
0.614000,0.785398163397,0.660593738740,0.660593738740
0.615000,0.785398163397,0.660434579753,0.660434579753
0.616000,0.785398163397,0.660275107428,0.660275107428
0.617000,0.785398163397,0.660115321442,0.660115321442
0.618000,0.785398163397,0.659955221470,0.659955221470
0.619000,0.785398163397,0.659794807186,0.659794807186
0.620000,0.785398163397,0.659634078262,0.659634078262
0.621000,0.785398163397,0.659473034371,0.659473034371
0.622000,0.785398163397,0.659311675182,0.659311675182
0.623000,0.785398163397,0.659150000365,0.659150000365
0.624000,0.785398163397,0.658988009588,0.658988009588
0.625000,0.785398163397,0.658825702518,0.658825702518
0.626000,0.785398163397,0.658663078821,0.658663078821
0.627000,0.785398163397,0.658500138162,0.658500138162
0.628000,0.785398163397,0.658336880204,0.658336880204
0.629000,0.785398163397,0.658173304610,0.658173304610
0.630000,0.785398163397,0.658009411041,0.658009411041
0.631000,0.785398163397,0.657845199157,0.657845199157
0.632000,0.785398163397,0.657680668617,0.657680668617
0.633000,0.785398163397,0.657515819079,0.657515819079
0.634000,0.785398163397,0.657350650199,0.657350650199
0.635000,0.785398163397,0.657185161632,0.657185161632
0.636000,0.785398163397,0.657019353033,0.657019353033
0.637000,0.785398163397,0.656853224055,0.656853224055
0.638000,0.785398163397,0.656686774349,0.656686774349
0.639000,0.785398163397,0.656520003567,0.656520003567
0.640000,0.785398163397,0.656352911356,0.656352911356
0.641000,0.785398163397,0.656185497366,0.656185497366
0.642000,0.785398163397,0.656017761243,0.656017761243
0.643000,0.785398163397,0.655849702632,0.655849702632
0.644000,0.785398163397,0.655681321179,0.655681321179
0.645000,0.785398163397,0.655512616527,0.655512616527
0.646000,0.785398163397,0.655343588316,0.655343588316
0.647000,0.785398163397,0.655174236189,0.655174236189
0.648000,0.785398163397,0.655004559784,0.655004559784
0.649000,0.785398163397,0.654834558739,0.654834558739
0.650000,0.785398163397,0.654664232692,0.654664232692
0.651000,0.785398163397,0.654493581278,0.654493581278
0.652000,0.785398163397,0.654322604131,0.654322604131
0.653000,0.785398163397,0.654151300884,0.654151300884
0.654000,0.785398163397,0.653979671170,0.653979671170
0.655000,0.785398163397,0.653807714618,0.653807714618
0.656000,0.785398163397,0.653635430858,0.653635430858
0.657000,0.785398163397,0.653462819517,0.653462819517
0.658000,0.785398163397,0.653289880223,0.653289880223
0.659000,0.785398163397,0.653116612600,0.653116612600
0.660000,0.785398163397,0.652943016272,0.652943016272
0.661000,0.785398163397,0.652769090863,0.652769090863
0.662000,0.785398163397,0.652594835992,0.652594835992
0.663000,0.785398163397,0.652420251280,0.652420251280
0.664000,0.785398163397,0.652245336347,0.652245336347
0.665000,0.785398163397,0.652070090808,0.652070090808
0.666000,0.785398163397,0.651894514279,0.651894514279
0.667000,0.785398163397,0.651718606376,0.651718606376
0.668000,0.785398163397,0.651542366712,0.651542366712
0.669000,0.785398163397,0.651365794898,0.651365794898
0.670000,0.785398163397,0.651188890544,0.651188890544
0.671000,0.785398163397,0.651011653260,0.651011653260
0.672000,0.785398163397,0.650834082653,0.650834082653
0.673000,0.785398163397,0.650656178330,0.650656178330
0.674000,0.785398163397,0.650477939895,0.650477939895
0.675000,0.785398163397,0.650299366951,0.650299366951
0.676000,0.785398163397,0.650120459102,0.650120459102
0.677000,0.785398163397,0.649941215946,0.649941215946
0.678000,0.785398163397,0.649761637085,0.649761637085
0.679000,0.785398163397,0.649581722114,0.649581722114
0.680000,0.785398163397,0.649401470631,0.649401470631
0.681000,0.785398163397,0.649220882231,0.649220882231
0.682000,0.785398163397,0.649039956506,0.649039956506
0.683000,0.785398163397,0.648858693048,0.648858693048
0.684000,0.785398163397,0.648677091449,0.648677091449
0.685000,0.785398163397,0.648495151298,0.648495151298
0.686000,0.785398163397,0.648312872181,0.648312872181
0.687000,0.785398163397,0.648130253684,0.648130253684
0.688000,0.785398163397,0.647947295393,0.647947295393
0.689000,0.785398163397,0.647763996890,0.647763996890
0.690000,0.785398163397,0.647580357758,0.647580357758
0.691000,0.785398163397,0.647396377575,0.647396377575
0.692000,0.785398163397,0.647212055921,0.647212055921
0.693000,0.785398163397,0.647027392372,0.647027392372
0.694000,0.785398163397,0.646842386504,0.646842386504
0.695000,0.785398163397,0.646657037891,0.646657037891
0.696000,0.785398163397,0.646471346106,0.646471346106
0.697000,0.785398163397,0.646285310718,0.646285310718
0.698000,0.785398163397,0.646098931299,0.646098931299
0.699000,0.785398163397,0.645912207414,0.645912207414
0.700000,0.785398163397,0.645725138631,0.645725138631
0.701000,0.785398163397,0.645537724513,0.645537724513
0.702000,0.785398163397,0.645349964625,0.645349964625
0.703000,0.785398163397,0.645161858527,0.645161858527
0.704000,0.785398163397,0.644973405779,0.644973405779
0.705000,0.785398163397,0.644784605940,0.644784605940
0.706000,0.785398163397,0.644595458565,0.644595458565
0.707000,0.785398163397,0.644405963210,0.644405963210
0.708000,0.785398163397,0.644216119429,0.644216119429
0.709000,0.785398163397,0.644025926772,0.644025926772
0.710000,0.785398163397,0.643835384790,0.643835384790
0.711000,0.785398163397,0.643644493032,0.643644493032
0.712000,0.785398163397,0.643453251043,0.643453251043
0.713000,0.785398163397,0.643261658370,0.643261658370
0.714000,0.785398163397,0.643069714555,0.643069714555
0.715000,0.785398163397,0.642877419141,0.642877419141
0.716000,0.785398163397,0.642684771666,0.642684771666
0.717000,0.785398163397,0.642491771671,0.642491771671
0.718000,0.785398163397,0.642298418690,0.642298418690
0.719000,0.785398163397,0.642104712260,0.642104712260
0.720000,0.785398163397,0.641910651913,0.641910651913
0.721000,0.785398163397,0.641716237181,0.641716237181
0.722000,0.785398163397,0.641521467593,0.641521467593
0.723000,0.785398163397,0.641326342678,0.641326342678
0.724000,0.785398163397,0.641130861961,0.641130861961
0.725000,0.785398163397,0.640935024967,0.640935024967
0.726000,0.785398163397,0.640738831220,0.640738831220
0.727000,0.785398163397,0.640542280239,0.640542280239
0.728000,0.785398163397,0.640345371544,0.640345371544
0.729000,0.785398163397,0.640148104652,0.640148104652
0.730000,0.785398163397,0.639950479078,0.639950479078
0.731000,0.785398163397,0.639752494337,0.639752494337
0.732000,0.785398163397,0.639554149941,0.639554149941
0.733000,0.785398163397,0.639355445398,0.639355445398
0.734000,0.785398163397,0.639156380219,0.639156380219
0.735000,0.785398163397,0.638956953908,0.638956953908
0.736000,0.785398163397,0.638757165970,0.638757165970
0.737000,0.785398163397,0.638557015909,0.638557015909
0.738000,0.785398163397,0.638356503224,0.638356503224
0.739000,0.785398163397,0.638155627416,0.638155627416
0.740000,0.785398163397,0.637954387980,0.637954387980
0.741000,0.785398163397,0.637752784412,0.637752784412
0.742000,0.785398163397,0.637550816205,0.637550816205
0.743000,0.785398163397,0.637348482850,0.637348482850
0.744000,0.785398163397,0.637145783837,0.637145783837
0.745000,0.785398163397,0.636942718653,0.636942718653
0.746000,0.785398163397,0.636739286783,0.636739286783
0.747000,0.785398163397,0.636535487712,0.636535487712
0.748000,0.785398163397,0.636331320920,0.636331320920
0.749000,0.785398163397,0.636126785887,0.636126785887
0.750000,0.785398163397,0.635921882090,0.635921882090
0.751000,0.785398163397,0.635716609006,0.635716609006
0.752000,0.785398163397,0.635510966108,0.635510966108
0.753000,0.785398163397,0.635304952867,0.635304952867
0.754000,0.785398163397,0.635098568753,0.635098568753
0.755000,0.785398163397,0.634891813234,0.634891813234
0.756000,0.785398163397,0.634684685774,0.634684685774
0.757000,0.785398163397,0.634477185837,0.634477185837
0.758000,0.785398163397,0.634269312886,0.634269312886
0.759000,0.785398163397,0.634061066377,0.634061066377
0.760000,0.785398163397,0.633852445770,0.633852445770
0.761000,0.785398163397,0.633643450519,0.633643450519
0.762000,0.785398163397,0.633434080077,0.633434080077
0.763000,0.785398163397,0.633224333894,0.633224333894
0.764000,0.785398163397,0.633014211420,0.633014211420
0.765000,0.785398163397,0.632803712101,0.632803712101
0.766000,0.785398163397,0.632592835382,0.632592835382
0.767000,0.785398163397,0.632381580705,0.632381580705
0.768000,0.785398163397,0.632169947509,0.632169947509
0.769000,0.785398163397,0.631957935234,0.631957935234
0.770000,0.785398163397,0.631745543313,0.631745543313
0.771000,0.785398163397,0.631532771182,0.631532771182
0.772000,0.785398163397,0.631319618271,0.631319618271
0.773000,0.785398163397,0.631106084010,0.631106084010
0.774000,0.785398163397,0.630892167824,0.630892167824
0.775000,0.785398163397,0.630677869140,0.630677869140
0.776000,0.785398163397,0.630463187379,0.630463187379
0.777000,0.785398163397,0.630248121961,0.630248121961
0.778000,0.785398163397,0.630032672304,0.630032672304
0.779000,0.785398163397,0.629816837823,0.629816837823
0.780000,0.785398163397,0.629600617932,0.629600617932
0.781000,0.785398163397,0.629384012041,0.629384012041
0.782000,0.785398163397,0.629167019559,0.629167019559
0.783000,0.785398163397,0.628949639892,0.628949639892
0.784000,0.785398163397,0.628731872445,0.628731872445
0.785000,0.785398163397,0.628513716617,0.628513716617
0.786000,0.785398163397,0.628295171809,0.628295171809
0.787000,0.785398163397,0.628076237417,0.628076237417
0.788000,0.785398163397,0.627856912835,0.627856912835
0.789000,0.785398163397,0.627637197455,0.627637197455
0.790000,0.785398163397,0.627417090667,0.627417090667
0.791000,0.785398163397,0.627196591857,0.627196591857
0.792000,0.785398163397,0.626975700411,0.626975700411
0.793000,0.785398163397,0.626754415709,0.626754415709
0.794000,0.785398163397,0.626532737132,0.626532737132
0.795000,0.785398163397,0.626310664057,0.626310664057
0.796000,0.785398163397,0.626088195858,0.626088195858
0.797000,0.785398163397,0.625865331907,0.625865331907
0.798000,0.785398163397,0.625642071574,0.625642071574
0.799000,0.785398163397,0.625418414225,0.625418414225
0.800000,0.785398163397,0.625194359226,0.625194359226
0.801000,0.785398163397,0.624969905937,0.624969905937
0.802000,0.785398163397,0.624745053719,0.624745053719
0.803000,0.785398163397,0.624519801927,0.624519801927
0.804000,0.785398163397,0.624294149916,0.624294149916
0.805000,0.785398163397,0.624068097037,0.624068097037
0.806000,0.785398163397,0.623841642639,0.623841642639
0.807000,0.785398163397,0.623614786067,0.623614786067
0.808000,0.785398163397,0.623387526665,0.623387526665
0.809000,0.785398163397,0.623159863775,0.623159863775
0.810000,0.785398163397,0.622931796733,0.622931796733
0.811000,0.785398163397,0.622703324875,0.622703324875
0.812000,0.785398163397,0.622474447534,0.622474447534
0.813000,0.785398163397,0.622245164039,0.622245164039
0.814000,0.785398163397,0.622015473718,0.622015473718
0.815000,0.785398163397,0.621785375894,0.621785375894
0.816000,0.785398163397,0.621554869889,0.621554869889
0.817000,0.785398163397,0.621323955022,0.621323955022
0.818000,0.785398163397,0.621092630608,0.621092630608
0.819000,0.785398163397,0.620860895961,0.620860895961
0.820000,0.785398163397,0.620628750391,0.620628750391
0.821000,0.785398163397,0.620396193204,0.620396193204
0.822000,0.785398163397,0.620163223705,0.620163223705
0.823000,0.785398163397,0.619929841196,0.619929841196
0.824000,0.785398163397,0.619696044975,0.619696044975
0.825000,0.785398163397,0.619461834338,0.619461834338
0.826000,0.785398163397,0.619227208577,0.619227208577
0.827000,0.785398163397,0.618992166981,0.618992166981
0.828000,0.785398163397,0.618756708839,0.618756708839
0.829000,0.785398163397,0.618520833433,0.618520833433
0.830000,0.785398163397,0.618284540044,0.618284540044
0.831000,0.785398163397,0.618047827949,0.618047827949
0.832000,0.785398163397,0.617810696423,0.617810696423
0.833000,0.785398163397,0.617573144738,0.617573144738
0.834000,0.785398163397,0.617335172162,0.617335172162
0.835000,0.785398163397,0.617096777961,0.617096777961
0.836000,0.785398163397,0.616857961395,0.616857961395
0.837000,0.785398163397,0.616618721726,0.616618721726
0.838000,0.785398163397,0.616379058207,0.616379058207
0.839000,0.785398163397,0.616138970093,0.616138970093
0.840000,0.785398163397,0.615898456632,0.615898456632
0.841000,0.785398163397,0.615657517071,0.615657517071
0.842000,0.785398163397,0.615416150652,0.615416150652
0.843000,0.785398163397,0.615174356616,0.615174356616
0.844000,0.785398163397,0.614932134200,0.614932134200
0.845000,0.785398163397,0.614689482635,0.614689482635
0.846000,0.785398163397,0.614446401153,0.614446401153
0.847000,0.785398163397,0.614202888979,0.614202888979
0.848000,0.785398163397,0.613958945338,0.613958945338
0.849000,0.785398163397,0.613714569449,0.613714569449
0.850000,0.785398163397,0.613469760527,0.613469760527
0.851000,0.785398163397,0.613224517788,0.613224517788
0.852000,0.785398163397,0.612978840439,0.612978840439
0.853000,0.785398163397,0.612732727688,0.612732727688
0.854000,0.785398163397,0.612486178737,0.612486178737
0.855000,0.785398163397,0.612239192785,0.612239192785
0.856000,0.785398163397,0.611991769028,0.611991769028
0.857000,0.785398163397,0.611743906658,0.611743906658
0.858000,0.785398163397,0.611495604865,0.611495604865
0.859000,0.785398163397,0.611246862832,0.611246862832
0.860000,0.785398163397,0.610997679741,0.610997679741
0.861000,0.785398163397,0.610748054771,0.610748054771
0.862000,0.785398163397,0.610497987096,0.610497987096
0.863000,0.785398163397,0.610247475886,0.610247475886
0.864000,0.785398163397,0.609996520307,0.609996520307
0.865000,0.785398163397,0.609745119524,0.609745119524
0.866000,0.785398163397,0.609493272696,0.609493272696
0.867000,0.785398163397,0.609240978978,0.609240978978
0.868000,0.785398163397,0.608988237523,0.608988237523
0.869000,0.785398163397,0.608735047478,0.608735047478
0.870000,0.785398163397,0.608481407988,0.608481407988
0.871000,0.785398163397,0.608227318194,0.608227318194
0.872000,0.785398163397,0.607972777232,0.607972777232
0.873000,0.785398163397,0.607717784235,0.607717784235
0.874000,0.785398163397,0.607462338331,0.607462338331
0.875000,0.785398163397,0.607206438646,0.607206438646
0.876000,0.785398163397,0.606950084301,0.606950084301
0.877000,0.785398163397,0.606693274412,0.606693274412
0.878000,0.785398163397,0.606436008093,0.606436008093
0.879000,0.785398163397,0.606178284453,0.606178284453
0.880000,0.785398163397,0.605920102596,0.605920102596
0.881000,0.785398163397,0.605661461623,0.605661461623
0.882000,0.785398163397,0.605402360631,0.605402360631
0.883000,0.785398163397,0.605142798713,0.605142798713
0.884000,0.785398163397,0.604882774956,0.604882774956
0.885000,0.785398163397,0.604622288446,0.604622288446
0.886000,0.785398163397,0.604361338262,0.604361338262
0.887000,0.785398163397,0.604099923480,0.604099923480
0.888000,0.785398163397,0.603838043171,0.603838043171
0.889000,0.785398163397,0.603575696403,0.603575696403
0.890000,0.785398163397,0.603312882239,0.603312882239
0.891000,0.785398163397,0.603049599737,0.603049599737
0.892000,0.785398163397,0.602785847951,0.602785847951
0.893000,0.785398163397,0.602521625932,0.602521625932
0.894000,0.785398163397,0.602256932724,0.602256932724
0.895000,0.785398163397,0.601991767368,0.601991767368
0.896000,0.785398163397,0.601726128902,0.601726128902
0.897000,0.785398163397,0.601460016356,0.601460016356
0.898000,0.785398163397,0.601193428758,0.601193428758
0.899000,0.785398163397,0.600926365131,0.600926365131
0.900000,0.785398163397,0.600658824493,0.600658824493
0.901000,0.785398163397,0.600390805858,0.600390805858
0.902000,0.785398163397,0.600122308234,0.600122308234
0.903000,0.785398163397,0.599853330626,0.599853330626
0.904000,0.785398163397,0.599583872033,0.599583872033
0.905000,0.785398163397,0.599313931451,0.599313931451
0.906000,0.785398163397,0.599043507868,0.599043507868
0.907000,0.785398163397,0.598772600270,0.598772600270
0.908000,0.785398163397,0.598501207638,0.598501207638
0.909000,0.785398163397,0.598229328946,0.598229328946
0.910000,0.785398163397,0.597956963166,0.597956963166
0.911000,0.785398163397,0.597684109262,0.597684109262
0.912000,0.785398163397,0.597410766195,0.597410766195
0.913000,0.785398163397,0.597136932922,0.597136932922
0.914000,0.785398163397,0.596862608392,0.596862608392
0.915000,0.785398163397,0.596587791551,0.596587791551
0.916000,0.785398163397,0.596312481339,0.596312481339
0.917000,0.785398163397,0.596036676691,0.596036676691
0.918000,0.785398163397,0.595760376538,0.595760376538
0.919000,0.785398163397,0.595483579804,0.595483579804
0.920000,0.785398163397,0.595206285409,0.595206285409
0.921000,0.785398163397,0.594928492267,0.594928492267
0.922000,0.785398163397,0.594650199287,0.594650199287
0.923000,0.785398163397,0.594371405372,0.594371405372
0.924000,0.785398163397,0.594092109421,0.594092109421
0.925000,0.785398163397,0.593812310327,0.593812310327
0.926000,0.785398163397,0.593532006977,0.593532006977
0.927000,0.785398163397,0.593251198252,0.593251198252
0.928000,0.785398163397,0.592969883029,0.592969883029
0.929000,0.785398163397,0.592688060179,0.592688060179
0.930000,0.785398163397,0.592405728567,0.592405728567
0.931000,0.785398163397,0.592122887051,0.592122887051
0.932000,0.785398163397,0.591839534487,0.591839534487
0.933000,0.785398163397,0.591555669721,0.591555669721
0.934000,0.785398163397,0.591271291597,0.591271291597
0.935000,0.785398163397,0.590986398950,0.590986398950
0.936000,0.785398163397,0.590700990611,0.590700990611
0.937000,0.785398163397,0.590415065405,0.590415065405
0.938000,0.785398163397,0.590128622150,0.590128622150
0.939000,0.785398163397,0.589841659659,0.589841659659
0.940000,0.785398163397,0.589554176739,0.589554176739
0.941000,0.785398163397,0.589266172191,0.589266172191
0.942000,0.785398163397,0.588977644809,0.588977644809
0.943000,0.785398163397,0.588688593382,0.588688593382
0.944000,0.785398163397,0.588399016691,0.588399016691
0.945000,0.785398163397,0.588108913513,0.588108913513
0.946000,0.785398163397,0.587818282617,0.587818282617
0.947000,0.785398163397,0.587527122768,0.587527122768
0.948000,0.785398163397,0.587235432721,0.587235432721
0.949000,0.785398163397,0.586943211228,0.586943211228
0.950000,0.785398163397,0.586650457032,0.586650457032
0.951000,0.785398163397,0.586357168872,0.586357168872
0.952000,0.785398163397,0.586063345478,0.586063345478
0.953000,0.785398163397,0.585768985575,0.585768985575
0.954000,0.785398163397,0.585474087881,0.585474087881
0.955000,0.785398163397,0.585178651106,0.585178651106
0.956000,0.785398163397,0.584882673956,0.584882673956
0.957000,0.785398163397,0.584586155127,0.584586155127
0.958000,0.785398163397,0.584289093312,0.584289093312
0.959000,0.785398163397,0.583991487192,0.583991487192
0.960000,0.785398163397,0.583693335446,0.583693335446
0.961000,0.785398163397,0.583394636744,0.583394636744
0.962000,0.785398163397,0.583095389747,0.583095389747
0.963000,0.785398163397,0.582795593112,0.582795593112
0.964000,0.785398163397,0.582495245488,0.582495245488
0.965000,0.785398163397,0.582194345516,0.582194345516
0.966000,0.785398163397,0.581892891830,0.581892891830
0.967000,0.785398163397,0.581590883057,0.581590883057
0.968000,0.785398163397,0.581288317817,0.581288317817
0.969000,0.785398163397,0.580985194721,0.580985194721
0.970000,0.785398163397,0.580681512374,0.580681512374
0.971000,0.785398163397,0.580377269374,0.580377269374
0.972000,0.785398163397,0.580072464308,0.580072464308
0.973000,0.785398163397,0.579767095761,0.579767095761
0.974000,0.785398163397,0.579461162305,0.579461162305
0.975000,0.785398163397,0.579154662506,0.579154662506
0.976000,0.785398163397,0.578847594924,0.578847594924
0.977000,0.785398163397,0.578539958109,0.578539958109
0.978000,0.785398163397,0.578231750603,0.578231750603
0.979000,0.785398163397,0.577922970942,0.577922970942
0.980000,0.785398163397,0.577613617652,0.577613617652
0.981000,0.785398163397,0.577303689251,0.577303689251
0.982000,0.785398163397,0.576993184249,0.576993184249
0.983000,0.785398163397,0.576682101150,0.576682101150
0.984000,0.785398163397,0.576370438445,0.576370438445
0.985000,0.785398163397,0.576058194622,0.576058194622
0.986000,0.785398163397,0.575745368156,0.575745368156
0.987000,0.785398163397,0.575431957516,0.575431957516
0.988000,0.785398163397,0.575117961162,0.575117961162
0.989000,0.785398163397,0.574803377544,0.574803377544
0.990000,0.785398163397,0.574488205106,0.574488205106
0.991000,0.785398163397,0.574172442281,0.574172442281
0.992000,0.785398163397,0.573856087494,0.573856087494
0.993000,0.785398163397,0.573539139160,0.573539139160
0.994000,0.785398163397,0.573221595686,0.573221595686
0.995000,0.785398163397,0.572903455471,0.572903455471
0.996000,0.785398163397,0.572584716902,0.572584716902
0.997000,0.785398163397,0.572265378360,0.572265378360
0.998000,0.785398163397,0.571945438214,0.571945438214
0.999000,0.785398163397,0.571624894826,0.571624894826
